appointment_id, patient_id, clinician_id, facility_id, appointment_date, appointment_time, duration_minutes, appointment_type, status, reason_for_visit, notes, created_date, last_modified
A001,P001,C001,S001,9/20/2025,9:00,15,Routine Consultation,Scheduled,Annual health check,Patient due for routine screening,9/15/2025,9/15/2025
A002,P002,C009,S001,9/20/2025,10:30,30,Vaccination,Scheduled,Flu vaccination,Annual flu jab appointment,9/14/2025,9/14/2025
A003,P003,C003,S002,9/21/2025,14:00,15,Follow-up,Scheduled,Blood pressure check,Follow-up for hypertension management,9/16/2025,9/16/2025
A004,P004,C002,S001,9/22/2025,11:15,20,Urgent Consultation,Scheduled,Chest pain,Patient reports chest discomfort,9/17/2025,9/17/2025
A005,P005,C005,H001,9/25/2025,15:30,45,Specialist Consultation,Scheduled,Cardiology referral,Referred for heart murmur investigation,9/10/2025,9/10/2025
A006,P006,C004,S003,9/23/2025,9:45,15,Routine Consultation,Scheduled,Prescription review,Review of chronic medications,9/18/2025,9/18/2025
A007,P007,C001,S001,9/24/2025,16:00,15,Emergency,Cancelled,Sudden illness,Patient cancelled due to recovery,9/19/2025,9/20/2025
A008,P008,C010,S002,9/26/2025,10:00,30,Health Check,Scheduled,Well woman screening,Routine cervical screening,9/12/2025,9/12/2025
A009,P009,C007,H002,9/27/2025,13:00,60,Specialist Consultation,Scheduled,Orthopaedic assessment,Knee pain investigation,9/11/2025,9/11/2025
A010,P010,C002,S001,9/28/2025,8:30,20,Follow-up,Scheduled,Diabetes review,3-month diabetes check-up,9/13/2025,9/13/2025
A011,P001,C006,H001,10/2/2025,14:15,45,Specialist Consultation,Scheduled,Neurology referral,Headache investigation,9/20/2025,9/20/2025
A012,P003,C012,H002,10/5/2025,11:00,30,Specialist Consultation,Scheduled,Gastroenterology,Digestive issues assessment,9/18/2025,9/18/2025
